Component,File Name,Status,Description
"Frontend Web App","index.html","✅ Complete","Responsive web interface in Hindi"
"Styling","style.css","✅ Complete","Modern, mobile-friendly design"
"JavaScript Logic","app.js","✅ Complete","Interactive features and API calls"
"Database Config","config.php","✅ Complete","Database connection and utilities"
"Database Schema","database_schema.sql","✅ Complete","Complete database with sample data"
"Authentication API","api/auth.php","✅ Complete","User registration and login"
"Crops API","api/crops.php","✅ Complete","Crop management functionality"
"Weather API","api/weather.php","✅ Complete","Weather information and forecasts"
"Market API","api/market.php","✅ Complete","Market prices and trends"
"Tips API","api/tips.php","✅ Complete","Agricultural tips and advice"
"Expert API","api/expert.php","✅ Complete","Expert consultation system"
"Records API","api/records.php","✅ Complete","Farm financial records"
"Schemes API","api/schemes.php","✅ Complete","Government schemes information"
"Installation Guide","INSTALLATION_GUIDE.md","✅ Complete","Step-by-step setup instructions"
"User Manual","USER_MANUAL_HINDI.md","✅ Complete","Complete user guide in Hindi"
"Project README","README.md","✅ Complete","Project overview and documentation"
"Features List","project_features.csv","✅ Complete","Summary of all features"
"Implementation Plan","implementation_roadmap.csv","✅ Complete","Step-by-step implementation guide"
