Feature,Description,Technology,Benefits
"Farmer Registration","Simple phone-based registration","PHP + MySQL","Easy access without complex passwords"
"Crop Management","Track crops from planting to harvest","JavaScript + MySQL","Better yield planning and monitoring"
"Weather Information","Current weather and 5-day forecast","API Integration","Better farming decisions"
"Market Prices","Real-time commodity prices from mandis","PHP + MySQL","Better selling decisions"
"Expert Consultation","Ask questions to agriculture experts","PHP + MySQL","Get professional advice"
"Agricultural Tips","Seasonal and crop-specific tips","Content Management","Learn best practices"
"Farm Records","Income, expense and yield tracking","PHP + MySQL","Financial planning and analysis"
"Government Schemes","Information about farming schemes","Content Management","Access to government benefits"
"Hindi Language Support","Full interface in Hindi","Unicode Support","Easy for rural farmers"
"Mobile Responsive","Works on all devices","CSS + JavaScript","Access from anywhere"
"Offline Capability","Basic features work offline","Local Storage","Works in low connectivity areas"
"Image Upload","Upload crop images for diagnosis","PHP File Upload","Better problem diagnosis"
"Session Management","Secure login sessions","PHP Sessions","Data security"
